battery_soc,memory_usage,t_s,T_s1,T_s2,T_d1,T_d2
0.4,0.0,0,0.4965853037914095,0.0,1.0,0.1353352832366127
0.4,0.0,1,0.8187307530779818,0.0,1.0,0.36787944117144233
0.4,0.05,0,0.4965853037914095,0.07916684832113109,0.95,0.1353352832366127
0.4,0.05,1,0.8187307530779818,0.07916684832113109,0.95,0.36787944117144233
0.4,0.1,0,0.4965853037914095,0.15595826075473865,0.9,0.1353352832366127
0.4,0.1,1,0.8187307530779818,0.15595826075473865,0.9,0.36787944117144233
0.4,0.15000000000000002,0,0.4965853037914095,0.22840050243981627,0.85,0.1353352832366127
0.4,0.15000000000000002,1,0.8187307530779818,0.22840050243981627,0.85,0.36787944117144233
0.4,0.2,0,0.4965853037914095,0.2951672353008665,0.8,0.1353352832366127
0.4,0.2,1,0.8187307530779818,0.2951672353008665,0.8,0.36787944117144233
0.4,0.25,0,0.4965853037914095,0.35561536897870555,0.75,0.1353352832366127
0.4,0.25,1,0.8187307530779818,0.35561536897870555,0.75,0.36787944117144233
0.4,0.30000000000000004,0,0.4965853037914095,0.4096655293982669,0.7,0.1353352832366127
0.4,0.30000000000000004,1,0.8187307530779818,0.4096655293982669,0.7,0.36787944117144233
0.4,0.35000000000000003,0,0.4965853037914095,0.45762139073010716,0.65,0.1353352832366127
0.4,0.35000000000000003,1,0.8187307530779818,0.45762139073010716,0.65,0.36787944117144233
0.4,0.4,0,0.4965853037914095,0.5,0.6,0.1353352832366127
0.4,0.4,1,0.8187307530779818,0.5,0.6,0.36787944117144233
0.4,0.45,0,0.4965853037914095,0.5374051184825535,0.55,0.1353352832366127
0.4,0.45,1,0.8187307530779818,0.5374051184825535,0.55,0.36787944117144233
0.4,0.5,0,0.4965853037914095,0.5704465749545545,0.5,0.1353352832366127
0.4,0.5,1,0.8187307530779818,0.5704465749545545,0.5,0.36787944117144233
0.4,0.55,0,0.4965853037914095,0.5996958512766266,0.44999999999999996,0.1353352832366127
0.4,0.55,1,0.8187307530779818,0.5996958512766266,0.44999999999999996,0.36787944117144233
0.4,0.6000000000000001,0,0.4965853037914095,0.6256659163780024,0.4,0.1353352832366127
0.4,0.6000000000000001,1,0.8187307530779818,0.6256659163780024,0.4,0.36787944117144233
0.4,0.65,0,0.4965853037914095,0.6488055305972344,0.35,0.1353352832366127
0.4,0.65,1,0.8187307530779818,0.6488055305972344,0.35,0.36787944117144233
0.4,0.7000000000000001,0,0.4965853037914095,0.6695013189228641,0.30000000000000004,0.1353352832366127
0.4,0.7000000000000001,1,0.8187307530779818,0.6695013189228641,0.30000000000000004,0.36787944117144233
0.4,0.75,0,0.4965853037914095,0.6880834784905228,0.25,0.1353352832366127
0.4,0.75,1,0.8187307530779818,0.6880834784905228,0.25,0.36787944117144233
0.4,0.8,0,0.4965853037914095,0.7048327646991335,0.19999999999999996,0.1353352832366127
0.4,0.8,1,0.8187307530779818,0.7048327646991335,0.19999999999999996,0.36787944117144233
0.4,0.8500000000000001,0,0.4965853037914095,0.719987515050277,0.15000000000000002,0.1353352832366127
0.4,0.8500000000000001,1,0.8187307530779818,0.719987515050277,0.15000000000000002,0.36787944117144233
0.4,0.9,0,0.4965853037914095,0.733750122504687,0.09999999999999998,0.1353352832366127
0.4,0.9,1,0.8187307530779818,0.733750122504687,0.09999999999999998,0.36787944117144233
0.4,0.9500000000000001,0,0.4965853037914095,0.7462927313564718,0.050000000000000044,0.1353352832366127
0.4,0.9500000000000001,1,0.8187307530779818,0.7462927313564718,0.050000000000000044,0.36787944117144233
0.4,1.0,0,0.4965853037914095,0.7577621168183132,0.0,0.1353352832366127
0.4,1.0,1,0.8187307530779818,0.7577621168183132,0.0,0.36787944117144233
0.42000000000000004,0.0,0,0.4965853037914095,0.0,1.0,0.1353352832366127
0.42000000000000004,0.0,1,0.8187307530779818,0.0,1.0,0.36787944117144233
0.42000000000000004,0.05,0,0.4965853037914095,0.07543305082709767,0.95,0.1353352832366127
0.42000000000000004,0.05,1,0.8187307530779818,0.07543305082709767,0.95,0.36787944117144233
0.42000000000000004,0.1,0,0.4965853037914095,0.14880553059723442,0.9,0.1353352832366127
0.42000000000000004,0.1,1,0.8187307530779818,0.14880553059723442,0.9,0.36787944117144233
0.42000000000000004,0.15000000000000002,0,0.4965853037914095,0.21837582286725896,0.85,0.1353352832366127
0.42000000000000004,0.15000000000000002,1,0.8187307530779818,0.21837582286725896,0.85,0.36787944117144233
0.42000000000000004,0.2,0,0.4965853037914095,0.282926056243018,0.8,0.1353352832366127
0.42000000000000004,0.2,1,0.8187307530779818,0.282926056243018,0.8,0.36787944117144233
0.42000000000000004,0.25,0,0.4965853037914095,0.34180799482487684,0.75,0.1353352832366127
0.42000000000000004,0.25,1,0.8187307530779818,0.34180799482487684,0.75,0.36787944117144233
0.42000000000000004,0.30000000000000004,0,0.4965853037914095,0.3948630865774931,0.7,0.1353352832366127
0.42000000000000004,0.30000000000000004,1,0.8187307530779818,0.3948630865774931,0.7,0.36787944117144233
0.42000000000000004,0.35000000000000003,0,0.4965853037914095,0.442284123247391,0.65,0.1353352832366127
0.42000000000000004,0.35000000000000003,1,0.8187307530779818,0.442284123247391,0.65,0.36787944117144233
0.42000000000000004,0.4,0,0.4965853037914095,0.4844757663633736,0.6,0.1353352832366127
0.42000000000000004,0.4,1,0.8187307530779818,0.4844757663633736,0.6,0.36787944117144233
0.42000000000000004,0.45,0,0.4965853037914095,0.521943711232022,0.55,0.1353352832366127
0.42000000000000004,0.45,1,0.8187307530779818,0.521943711232022,0.55,0.36787944117144233
0.42000000000000004,0.5,0,0.4965853037914095,0.5552193414234479,0.5,0.1353352832366127
0.42000000000000004,0.5,1,0.8187307530779818,0.5552193414234479,0.5,0.36787944117144233
0.42000000000000004,0.55,0,0.4965853037914095,0.5848147843025701,0.44999999999999996,0.1353352832366127
0.42000000000000004,0.55,1,0.8187307530779818,0.5848147843025701,0.44999999999999996,0.36787944117144233
0.42000000000000004,0.6000000000000001,0,0.4965853037914095,0.6111997755715705,0.4,0.1353352832366127
0.42000000000000004,0.6000000000000001,1,0.8187307530779818,0.6111997755715705,0.4,0.36787944117144233
0.42000000000000004,0.65,0,0.4965853037914095,0.6347924562959167,0.35,0.1353352832366127
0.42000000000000004,0.65,1,0.8187307530779818,0.6347924562959167,0.35,0.36787944117144233
0.42000000000000004,0.7000000000000001,0,0.4965853037914095,0.6559582607547386,0.30000000000000004,0.1353352832366127
0.42000000000000004,0.7000000000000001,1,0.8187307530779818,0.6559582607547386,0.30000000000000004,0.36787944117144233
0.42000000000000004,0.75,0,0.4965853037914095,0.6750130407050337,0.25,0.1353352832366127
0.42000000000000004,0.75,1,0.8187307530779818,0.6750130407050337,0.25,0.36787944117144233
0.42000000000000004,0.8,0,0.4965853037914095,0.6922280799105001,0.19999999999999996,0.1353352832366127
0.42000000000000004,0.8,1,0.8187307530779818,0.6922280799105001,0.19999999999999996,0.36787944117144233
0.42000000000000004,0.8500000000000001,0,0.4965853037914095,0.7078356658824017,0.15000000000000002,0.1353352832366127
0.42000000000000004,0.8500000000000001,1,0.8187307530779818,0.7078356658824017,0.15000000000000002,0.36787944117144233
0.42000000000000004,0.9,0,0.4965853037914095,0.7220345169099998,0.09999999999999998,0.1353352832366127
0.42000000000000004,0.9,1,0.8187307530779818,0.7220345169099998,0.09999999999999998,0.36787944117144233
0.42000000000000004,0.9500000000000001,0,0.4965853037914095,0.7349947343547009,0.050000000000000044,0.1353352832366127
0.42000000000000004,0.9500000000000001,1,0.8187307530779818,0.7349947343547009,0.050000000000000044,0.36787944117144233
0.42000000000000004,1.0,0,0.4965853037914095,0.7468621585502035,0.0,0.1353352832366127
0.42000000000000004,1.0,1,0.8187307530779818,0.7468621585502035,0.0,0.36787944117144233
0.44,0.0,0,0.4965853037914095,0.0,1.0,0.1353352832366127
0.44,0.0,1,0.8187307530779818,0.0,1.0,0.36787944117144233
0.44,0.05,0,0.4965853037914095,0.07203415214330265,0.95,0.1353352832366127
0.44,0.05,1,0.8187307530779818,0.07203415214330265,0.95,0.36787944117144233
0.44,0.1,0,0.4965853037914095,0.14226962294763057,0.9,0.1353352832366127
0.44,0.1,1,0.8187307530779818,0.14226962294763057,0.9,0.36787944117144233
0.44,0.15000000000000002,0,0.4965853037914095,0.20916344464711187,0.85,0.1353352832366127
0.44,0.15000000000000002,1,0.8187307530779818,0.20916344464711187,0.85,0.36787944117144233
0.44,0.2,0,0.4965853037914095,0.27159949756018376,0.8,0.1353352832366127
0.44,0.2,1,0.8187307530779818,0.27159949756018376,0.8,0.36787944117144233
0.44,0.25,0,0.4965853037914095,0.3289383416222768,0.75,0.1353352832366127
0.44,0.25,1,0.8187307530779818,0.3289383416222768,0.75,0.36787944117144233
0.44,0.30000000000000004,0,0.4965853037914095,0.38096529974676624,0.7,0.1353352832366127
0.44,0.30000000000000004,1,0.8187307530779818,0.38096529974676624,0.7,0.36787944117144233
0.44,0.35000000000000003,0,0.4965853037914095,0.42778504133717155,0.65,0.1353352832366127
0.44,0.35000000000000003,1,0.8187307530779818,0.42778504133717155,0.65,0.36787944117144233
0.44,0.4,0,0.4965853037914095,0.4697076556232638,0.6,0.1353352832366127
0.44,0.4,1,0.8187307530779818,0.4697076556232638,0.6,0.36787944117144233
0.44,0.45,0,0.4965853037914095,0.5071527301575043,0.55,0.1353352832366127
0.44,0.45,1,0.8187307530779818,0.5071527301575043,0.55,0.36787944117144233
0.44,0.5,0,0.4965853037914095,0.540580253114515,0.5,0.1353352832366127
0.44,0.5,1,0.8187307530779818,0.540580253114515,0.5,0.36787944117144233
0.44,0.55,0,0.4965853037914095,0.5704465749545545,0.44999999999999996,0.1353352832366127
0.44,0.55,1,0.8187307530779818,0.5704465749545545,0.44999999999999996,0.36787944117144233
0.44,0.6000000000000001,0,0.4965853037914095,0.5971795806950578,0.4,0.1353352832366127
0.44,0.6000000000000001,1,0.8187307530779818,0.5971795806950578,0.4,0.36787944117144233
0.44,0.65,0,0.4965853037914095,0.6211669116137162,0.35,0.1353352832366127
0.44,0.65,1,0.8187307530779818,0.6211669116137162,0.35,0.36787944117144233
0.44,0.7000000000000001,0,0.4965853037914095,0.642752276207974,0.30000000000000004,0.1353352832366127
0.44,0.7000000000000001,1,0.8187307530779818,0.642752276207974,0.30000000000000004,0.36787944117144233
0.44,0.75,0,0.4965853037914095,0.6622363587314882,0.25,0.1353352832366127
0.44,0.75,1,0.8187307530779818,0.6622363587314882,0.25,0.36787944117144233
0.44,0.8,0,0.4965853037914095,0.6798800695225217,0.19999999999999996,0.1353352832366127
0.44,0.8,1,0.8187307530779818,0.6798800695225217,0.19999999999999996,0.36787944117144233
0.44,0.8500000000000001,0,0.4965853037914095,0.6959087730123529,0.15000000000000002,0.1353352832366127
0.44,0.8500000000000001,1,0.8187307530779818,0.6959087730123529,0.15000000000000002,0.36787944117144233
0.44,0.9,0,0.4965853037914095,0.7105167187723228,0.09999999999999998,0.1353352832366127
0.44,0.9,1,0.8187307530779818,0.7105167187723228,0.09999999999999998,0.36787944117144233
0.44,0.9500000000000001,0,0.4965853037914095,0.7238712682254205,0.050000000000000044,0.1353352832366127
0.44,0.9500000000000001,1,0.8187307530779818,0.7238712682254205,0.050000000000000044,0.36787944117144233
0.44,1.0,0,0.4965853037914095,0.7361167278570361,0.0,0.1353352832366127
0.44,1.0,1,0.8187307530779818,0.7361167278570361,0.0,0.36787944117144233
0.46,0.0,0,0.4965853037914095,0.0,1.0,0.1353352832366127
0.46,0.0,1,0.8187307530779818,0.0,1.0,0.36787944117144233
0.46,0.05,0,0.4965853037914095,0.06892719890768706,0.95,0.1353352832366127
0.46,0.05,1,0.8187307530779818,0.06892719890768706,0.95,0.36787944117144233
0.46,0.1,0,0.4965853037914095,0.1362752636432489,0.9,0.1353352832366127
0.46,0.1,1,0.8187307530779818,0.1362752636432489,0.9,0.36787944117144233
0.46,0.15000000000000002,0,0.4965853037914095,0.20067191040221313,0.85,0.1353352832366127
0.46,0.15000000000000002,1,0.8187307530779818,0.20067191040221313,0.85,0.36787944117144233
0.46,0.2,0,0.4965853037914095,0.26109517417724554,0.8,0.1353352832366127
0.46,0.2,1,0.8187307530779818,0.26109517417724554,0.8,0.36787944117144233
0.46,0.25,0,0.4965853037914095,0.3169235400701337,0.75,0.1353352832366127
0.46,0.25,1,0.8187307530779818,0.3169235400701337,0.75,0.36787944117144233
0.46,0.30000000000000004,0,0.4965853037914095,0.36790379955968916,0.7,0.1353352832366127
0.46,0.30000000000000004,1,0.8187307530779818,0.36790379955968916,0.7,0.36787944117144233
0.46,0.35000000000000003,0,0.4965853037914095,0.41407113223307934,0.65,0.1353352832366127
0.46,0.35000000000000003,1,0.8187307530779818,0.41407113223307934,0.65,0.36787944117144233
0.46,0.4,0,0.4965853037914095,0.45565652112855803,0.6,0.1353352832366127
0.46,0.4,1,0.8187307530779818,0.45565652112855803,0.6,0.36787944117144233
0.46,0.45,0,0.4965853037914095,0.4930044599065526,0.55,0.1353352832366127
0.46,0.45,1,0.8187307530779818,0.4930044599065526,0.55,0.36787944117144233
0.46,0.5,0,0.4965853037914095,0.5265104892265423,0.5,0.1353352832366127
0.46,0.5,1,0.8187307530779818,0.5265104892265423,0.5,0.36787944117144233
0.46,0.55,0,0.4965853037914095,0.5565790569388774,0.44999999999999996,0.1353352832366127
0.46,0.55,1,0.8187307530779818,0.5565790569388774,0.44999999999999996,0.36787944117144233
0.46,0.6000000000000001,0,0.4965853037914095,0.5835980048737625,0.4,0.1353352832366127
0.46,0.6000000000000001,1,0.8187307530779818,0.5835980048737625,0.4,0.36787944117144233
0.46,0.65,0,0.4965853037914095,0.6079250113882254,0.35,0.1353352832366127
0.46,0.65,1,0.8187307530779818,0.6079250113882254,0.35,0.36787944117144233
0.46,0.7000000000000001,0,0.4965853037914095,0.6298818797271021,0.30000000000000004,0.1353352832366127
0.46,0.7000000000000001,1,0.8187307530779818,0.6298818797271021,0.30000000000000004,0.36787944117144233
0.46,0.75,0,0.4965853037914095,0.6497535861471258,0.25,0.1353352832366127
0.46,0.75,1,0.8187307530779818,0.6497535861471258,0.25,0.36787944117144233
0.46,0.8,0,0.4965853037914095,0.6677899795709493,0.19999999999999996,0.1353352832366127
0.46,0.8,1,0.8187307530779818,0.6677899795709493,0.19999999999999996,0.36787944117144233
0.46,0.8500000000000001,0,0.4965853037914095,0.684208786394146,0.15000000000000002,0.1353352832366127
0.46,0.8500000000000001,1,0.8187307530779818,0.684208786394146,0.15000000000000002,0.36787944117144233
0.46,0.9,0,0.4965853037914095,0.699199108466747,0.09999999999999998,0.1353352832366127
0.46,0.9,1,0.8187307530779818,0.699199108466747,0.09999999999999998,0.36787944117144233
0.46,0.9500000000000001,0,0.4965853037914095,0.7129249530666493,0.050000000000000044,0.1353352832366127
0.46,0.9500000000000001,1,0.8187307530779818,0.7129249530666493,0.050000000000000044,0.36787944117144233
0.46,1.0,0,0.4965853037914095,0.7255285530247633,0.0,0.1353352832366127
0.46,1.0,1,0.8187307530779818,0.7255285530247633,0.0,0.36787944117144233
0.48000000000000004,0.0,0,0.4965853037914095,0.0,1.0,0.1353352832366127
0.48000000000000004,0.0,1,0.8187307530779818,0.0,1.0,0.36787944117144233
0.48000000000000004,0.05,0,0.4965853037914095,0.06607625615526111,0.95,0.1353352832366127
0.48000000000000004,0.05,1,0.8187307530779818,0.06607625615526111,0.95,0.36787944117144233
0.48000000000000004,0.1,0,0.4965853037914095,0.1307587659113405,0.9,0.1353352832366127
0.48000000000000004,0.1,1,0.8187307530779818,0.1307587659113405,0.9,0.36787944117144233
0.48000000000000004,0.15000000000000002,0,0.4965853037914095,0.19282249595845913,0.85,0.1353352832366127
0.48000000000000004,0.15000000000000002,1,0.8187307530779818,0.19282249595845913,0.85,0.36787944117144233
0.48000000000000004,0.2,0,0.4965853037914095,0.25133183275600474,0.8,0.1353352832366127
0.48000000000000004,0.2,1,0.8187307530779818,0.25133183275600474,0.8,0.36787944117144233
0.48000000000000004,0.25,0,0.4965853037914095,0.3056889180427939,0.75,0.1353352832366127
0.48000000000000004,0.25,1,0.8187307530779818,0.3056889180427939,0.75,0.36787944117144233
0.48000000000000004,0.30000000000000004,0,0.4965853037914095,0.35561536897870544,0.7,0.1353352832366127
0.48000000000000004,0.30000000000000004,1,0.8187307530779818,0.35561536897870544,0.7,0.36787944117144233
0.48000000000000004,0.35000000000000003,0,0.4965853037914095,0.4010920440789778,0.65,0.1353352832366127
0.48000000000000004,0.35000000000000003,1,0.8187307530779818,0.4010920440789778,0.65,0.36787944117144233
0.48000000000000004,0.4,0,0.4965853037914095,0.442284123247391,0.6,0.1353352832366127
0.48000000000000004,0.4,1,0.8187307530779818,0.442284123247391,0.6,0.36787944117144233
0.48000000000000004,0.45,0,0.4965853037914095,0.4794709970445045,0.55,0.1353352832366127
0.48000000000000004,0.45,1,0.8187307530779818,0.4794709970445045,0.55,0.36787944117144233
0.48000000000000004,0.5,0,0.4965853037914095,0.5129904369767491,0.5,0.1353352832366127
0.48000000000000004,0.5,1,0.8187307530779818,0.5129904369767491,0.5,0.36787944117144233
0.48000000000000004,0.55,0,0.4965853037914095,0.5431989951203675,0.44999999999999996,0.1353352832366127
0.48000000000000004,0.55,1,0.8187307530779818,0.5431989951203675,0.44999999999999996,0.36787944117144233
0.48000000000000004,0.6000000000000001,0,0.4965853037914095,0.5704465749545545,0.4,0.1353352832366127
0.48000000000000004,0.6000000000000001,1,0.8187307530779818,0.5704465749545545,0.4,0.36787944117144233
0.48000000000000004,0.65,0,0.4965853037914095,0.5950617582601432,0.35,0.1353352832366127
0.48000000000000004,0.65,1,0.8187307530779818,0.5950617582601432,0.35,0.36787944117144233
0.48000000000000004,0.7000000000000001,0,0.4965853037914095,0.6173445632355153,0.30000000000000004,0.1353352832366127
0.48000000000000004,0.7000000000000001,1,0.8187307530779818,0.6173445632355153,0.30000000000000004,0.36787944117144233
0.48000000000000004,0.75,0,0.4965853037914095,0.6375639658756352,0.25,0.1353352832366127
0.48000000000000004,0.75,1,0.8187307530779818,0.6375639658756352,0.25,0.36787944117144233
0.48000000000000004,0.8,0,0.4965853037914095,0.6559582607547387,0.19999999999999996,0.1353352832366127
0.48000000000000004,0.8,1,0.8187307530779818,0.6559582607547387,0.19999999999999996,0.36787944117144233
0.48000000000000004,0.8500000000000001,0,0.4965853037914095,0.6727369697008783,0.15000000000000002,0.1353352832366127
0.48000000000000004,0.8500000000000001,1,0.8187307530779818,0.6727369697008783,0.15000000000000002,0.36787944117144233
0.48000000000000004,0.9,0,0.4965853037914095,0.6880834784905228,0.09999999999999998,0.1353352832366127
0.48000000000000004,0.9,1,0.8187307530779818,0.6880834784905228,0.09999999999999998,0.36787944117144233
0.48000000000000004,0.9500000000000001,0,0.4965853037914095,0.702157907446669,0.050000000000000044,0.1353352832366127
0.48000000000000004,0.9500000000000001,1,0.8187307530779818,0.702157907446669,0.050000000000000044,0.36787944117144233
0.48000000000000004,1.0,0,0.4965853037914095,0.7150999352854969,0.0,0.1353352832366127
0.48000000000000004,1.0,1,0.8187307530779818,0.7150999352854969,0.0,0.36787944117144233
0.5,0.0,0,0.4965853037914095,0.0,1.0,0.1353352832366127
0.5,0.0,1,0.8187307530779818,0.0,1.0,0.36787944117144233
0.5,0.05,0,0.4965853037914095,0.06345103486110715,0.95,0.1353352832366127
0.5,0.05,1,0.8187307530779818,0.06345103486110715,0.95,0.36787944117144233
0.5,0.1,0,0.4965853037914095,0.1256659163780024,0.9,0.1353352832366127
0.5,0.1,1,0.8187307530779818,0.1256659163780024,0.9,0.36787944117144233
0.5,0.15000000000000002,0,0.4965853037914095,0.1855471581554847,0.85,0.1353352832366127
0.5,0.15000000000000002,1,0.8187307530779818,0.1855471581554847,0.85,0.36787944117144233
0.5,0.2,0,0.4965853037914095,0.24223788318168682,0.8,0.1353352832366127
0.5,0.2,1,0.8187307530779818,0.24223788318168682,0.8,0.36787944117144233
0.5,0.25,0,0.4965853037914095,0.2951672353008665,0.75,0.1353352832366127
0.5,0.25,1,0.8187307530779818,0.2951672353008665,0.75,0.36787944117144233
0.5,0.30000000000000004,0,0.4965853037914095,0.3440417392452614,0.7,0.1353352832366127
0.5,0.30000000000000004,1,0.8187307530779818,0.3440417392452614,0.7,0.36787944117144233
0.5,0.35000000000000003,0,0.4965853037914095,0.3888002244284296,0.65,0.1353352832366127
0.5,0.35000000000000003,1,0.8187307530779818,0.3888002244284296,0.65,0.36787944117144233
0.5,0.4,0,0.4965853037914095,0.4295534250454455,0.6,0.1353352832366127
0.5,0.4,1,0.8187307530779818,0.4295534250454455,0.6,0.36787944117144233
0.5,0.45,0,0.4965853037914095,0.46652458328685176,0.55,0.1353352832366127
0.5,0.45,1,0.8187307530779818,0.46652458328685176,0.55,0.36787944117144233
0.5,0.5,0,0.4965853037914095,0.5,0.5,0.1353352832366127
0.5,0.5,1,0.8187307530779818,0.5,0.5,0.36787944117144233
0.5,0.55,0,0.4965853037914095,0.5302923443767363,0.44999999999999996,0.1353352832366127
0.5,0.55,1,0.8187307530779818,0.5302923443767363,0.44999999999999996,0.36787944117144233
0.5,0.6000000000000001,0,0.4965853037914095,0.557715876752609,0.4,0.1353352832366127
0.5,0.6000000000000001,1,0.8187307530779818,0.557715876752609,0.4,0.36787944117144233
0.5,0.65,0,0.4965853037914095,0.5825711996796946,0.35,0.1353352832366127
0.5,0.65,1,0.8187307530779818,0.5825711996796946,0.35,0.36787944117144233
0.5,0.7000000000000001,0,0.4965853037914095,0.6051369134225069,0.30000000000000004,0.1353352832366127
0.5,0.7000000000000001,1,0.8187307530779818,0.6051369134225069,0.30000000000000004,0.36787944117144233
0.5,0.75,0,0.4965853037914095,0.6256659163780024,0.25,0.1353352832366127
0.5,0.75,1,0.8187307530779818,0.6256659163780024,0.25,0.36787944117144233
0.5,0.8,0,0.4965853037914095,0.6443846310212945,0.19999999999999996,0.1353352832366127
0.5,0.8,1,0.8187307530779818,0.6443846310212945,0.19999999999999996,0.36787944117144233
0.5,0.8500000000000001,0,0.4965853037914095,0.6614939453393347,0.15000000000000002,0.1353352832366127
0.5,0.8500000000000001,1,0.8187307530779818,0.6614939453393347,0.15000000000000002,0.36787944117144233
0.5,0.9,0,0.4965853037914095,0.6771710655658095,0.09999999999999998,0.1353352832366127
0.5,0.9,1,0.8187307530779818,0.6771710655658095,0.09999999999999998,0.36787944117144233
0.5,0.9500000000000001,0,0.4965853037914095,0.6915717710993331,0.050000000000000044,0.1353352832366127
0.5,0.9500000000000001,1,0.8187307530779818,0.6915717710993331,0.050000000000000044,0.36787944117144233
0.5,1.0,0,0.4965853037914095,0.7048327646991335,0.0,0.1353352832366127
0.5,1.0,1,0.8187307530779818,0.7048327646991335,0.0,0.36787944117144233
0.52,0.0,0,0.4965853037914095,0.0,1.0,0.1353352832366127
0.52,0.0,1,0.8187307530779818,0.0,1.0,0.36787944117144233
0.52,0.05,0,0.4965853037914095,0.0610258284125271,0.95,0.1353352832366127
0.52,0.05,1,0.8187307530779818,0.0610258284125271,0.95,0.36787944117144233
0.52,0.1,0,0.4965853037914095,0.12095030060731932,0.9,0.1353352832366127
0.52,0.1,1,0.8187307530779818,0.12095030060731932,0.9,0.36787944117144233
0.52,0.15000000000000002,0,0.4965853037914095,0.17878684832057964,0.85,0.1353352832366127
0.52,0.15000000000000002,1,0.8187307530779818,0.17878684832057964,0.85,0.36787944117144233
0.52,0.2,0,0.4965853037914095,0.23375012250468688,0.8,0.1353352832366127
0.52,0.2,1,0.8187307530779818,0.23375012250468688,0.8,0.36787944117144233
0.52,0.25,0,0.4965853037914095,0.28529795202042463,0.75,0.1353352832366127
0.52,0.25,1,0.8187307530779818,0.28529795202042463,0.75,0.36787944117144233
0.52,0.30000000000000004,0,0.4965853037914095,0.33312932632054815,0.7,0.1353352832366127
0.52,0.30000000000000004,1,0.8187307530779818,0.33312932632054815,0.7,0.36787944117144233
0.52,0.35000000000000003,0,0.4965853037914095,0.3771509668861312,0.65,0.1353352832366127
0.52,0.35000000000000003,1,0.8187307530779818,0.3771509668861312,0.65,0.36787944117144233
0.52,0.4,0,0.4965853037914095,0.4174288003203055,0.6,0.1353352832366127
0.52,0.4,1,0.8187307530779818,0.4174288003203055,0.6,0.36787944117144233
0.52,0.45,0,0.4965853037914095,0.454137869972092,0.55,0.1353352832366127
0.52,0.45,1,0.8187307530779818,0.454137869972092,0.55,0.36787944117144233
0.52,0.5,0,0.4965853037914095,0.48751885873249523,0.5,0.1353352832366127
0.52,0.5,1,0.8187307530779818,0.48751885873249523,0.5,0.36787944117144233
0.52,0.55,0,0.4965853037914095,0.5178444776586917,0.44999999999999996,0.1353352832366127
0.52,0.55,1,0.8187307530779818,0.5178444776586917,0.44999999999999996,0.36787944117144233
0.52,0.6000000000000001,0,0.4965853037914095,0.5453957419997209,0.4,0.1353352832366127
0.52,0.6000000000000001,1,0.8187307530779818,0.5453957419997209,0.4,0.36787944117144233
0.52,0.65,0,0.4965853037914095,0.5704465749545545,0.35,0.1353352832366127
0.52,0.65,1,0.8187307530779818,0.5704465749545545,0.35,0.36787944117144233
0.52,0.7000000000000001,0,0.4965853037914095,0.5932547243043611,0.30000000000000004,0.1353352832366127
0.52,0.7000000000000001,1,0.8187307530779818,0.5932547243043611,0.30000000000000004,0.36787944117144233
0.52,0.75,0,0.4965853037914095,0.6140571162245969,0.25,0.1353352832366127
0.52,0.75,1,0.8187307530779818,0.6140571162245969,0.25,0.36787944117144233
0.52,0.8,0,0.4965853037914095,0.6330681382689262,0.19999999999999996,0.1353352832366127
0.52,0.8,1,0.8187307530779818,0.6330681382689262,0.19999999999999996,0.36787944117144233
0.52,0.8500000000000001,0,0.4965853037914095,0.6504797404716084,0.15000000000000002,0.1353352832366127
0.52,0.8500000000000001,1,0.8187307530779818,0.6504797404716084,0.15000000000000002,0.36787944117144233
0.52,0.9,0,0.4965853037914095,0.666462584137677,0.09999999999999998,0.1353352832366127
0.52,0.9,1,0.8187307530779818,0.666462584137677,0.09999999999999998,0.36787944117144233
0.52,0.9500000000000001,0,0.4965853037914095,0.6811677291184062,0.050000000000000044,0.1353352832366127
0.52,0.9500000000000001,1,0.8187307530779818,0.6811677291184062,0.050000000000000044,0.36787944117144233
0.52,1.0,0,0.4965853037914095,0.6947285374858096,0.0,0.1353352832366127
0.52,1.0,1,0.8187307530779818,0.6947285374858096,0.0,0.36787944117144233
0.54,0.0,0,0.4965853037914095,0.0,1.0,0.1353352832366127
0.54,0.0,1,0.8187307530779818,0.0,1.0,0.36787944117144233
0.54,0.05,0,0.4965853037914095,0.058778680059680774,0.95,0.1353352832366127
0.54,0.05,1,0.8187307530779818,0.058778680059680774,0.95,0.36787944117144233
0.54,0.1,0,0.4965853037914095,0.11657196680368444,0.9,0.1353352832366127
0.54,0.1,1,0.8187307530779818,0.11657196680368444,0.9,0.36787944117144233
0.54,0.15000000000000002,0,0.4965853037914095,0.1724901221861584,0.85,0.1353352832366127
0.54,0.15000000000000002,1,0.8187307530779818,0.1724901221861584,0.85,0.36787944117144233
0.54,0.2,0,0.4965853037914095,0.22581263144069935,0.8,0.1353352832366127
0.54,0.2,1,0.8187307530779818,0.22581263144069935,0.8,0.36787944117144233
0.54,0.25,0,0.4965853037914095,0.27602654561616874,0.75,0.1353352832366127
0.54,0.25,1,0.8187307530779818,0.27602654561616874,0.75,0.36787944117144233
0.54,0.30000000000000004,0,0.4965853037914095,0.32282893443419053,0.7,0.1353352832366127
0.54,0.30000000000000004,1,0.8187307530779818,0.32282893443419053,0.7,0.36787944117144233
0.54,0.35000000000000003,0,0.4965853037914095,0.36610239018433827,0.65,0.1353352832366127
0.54,0.35000000000000003,1,0.8187307530779818,0.36610239018433827,0.65,0.36787944117144233
0.54,0.4,0,0.4965853037914095,0.4058761707442796,0.6,0.1353352832366127
0.54,0.4,1,0.8187307530779818,0.4058761707442796,0.6,0.36787944117144233
0.54,0.45,0,0.4965853037914095,0.442284123247391,0.55,0.1353352832366127
0.54,0.45,1,0.8187307530779818,0.442284123247391,0.55,0.36787944117144233
0.54,0.5,0,0.4965853037914095,0.47552668709149104,0.5,0.1353352832366127
0.54,0.5,1,0.8187307530779818,0.47552668709149104,0.5,0.36787944117144233
0.54,0.55,0,0.4965853037914095,0.5058403845161958,0.44999999999999996,0.1353352832366127
0.54,0.55,1,0.8187307530779818,0.5058403845161958,0.44999999999999996,0.36787944117144233
0.54,0.6000000000000001,0,0.4965853037914095,0.5334754167131481,0.4,0.1353352832366127
0.54,0.6000000000000001,1,0.8187307530779818,0.5334754167131481,0.4,0.36787944117144233
0.54,0.65,0,0.4965853037914095,0.558680451427168,0.35,0.1353352832366127
0.54,0.65,1,0.8187307530779818,0.558680451427168,0.35,0.36787944117144233
0.54,0.7000000000000001,0,0.4965853037914095,0.581693103998804,0.30000000000000004,0.1353352832366127
0.54,0.7000000000000001,1,0.8187307530779818,0.581693103998804,0.30000000000000004,0.36787944117144233
0.54,0.75,0,0.4965853037914095,0.602734586061814,0.25,0.1353352832366127
0.54,0.75,1,0.8187307530779818,0.602734586061814,0.25,0.36787944117144233
0.54,0.8,0,0.4965853037914095,0.6220072223352616,0.19999999999999996,0.1353352832366127
0.54,0.8,1,0.8187307530779818,0.6220072223352616,0.19999999999999996,0.36787944117144233
0.54,0.8500000000000001,0,0.4965853037914095,0.6396938333803059,0.15000000000000002,0.1353352832366127
0.54,0.8500000000000001,1,0.8187307530779818,0.6396938333803059,0.15000000000000002,0.36787944117144233
0.54,0.9,0,0.4965853037914095,0.6559582607547387,0.09999999999999998,0.1353352832366127
0.54,0.9,1,0.8187307530779818,0.6559582607547387,0.09999999999999998,0.36787944117144233
0.54,0.9500000000000001,0,0.4965853037914095,0.6709465372628175,0.050000000000000044,0.1353352832366127
0.54,0.9500000000000001,1,0.8187307530779818,0.6709465372628175,0.050000000000000044,0.36787944117144233
0.54,1.0,0,0.4965853037914095,0.684788374519127,0.0,0.1353352832366127
0.54,1.0,1,0.8187307530779818,0.684788374519127,0.0,0.36787944117144233
0.56,0.0,0,0.4965853037914095,0.0,1.0,0.1353352832366127
0.56,0.0,1,0.8187307530779818,0.0,1.0,0.36787944117144233
0.56,0.05,0,0.4965853037914095,0.056690725026202114,0.95,0.1353352832366127
0.56,0.05,1,0.8187307530779818,0.056690725026202114,0.95,0.36787944117144233
0.56,0.1,0,0.4965853037914095,0.11249635172664241,0.9,0.1353352832366127
0.56,0.1,1,0.8187307530779818,0.11249635172664241,0.9,0.36787944117144233
0.56,0.15000000000000002,0,0.4965853037914095,0.16661199032417762,0.85,0.1353352832366127
0.56,0.15000000000000002,1,0.8187307530779818,0.16661199032417762,0.85,0.36787944117144233
0.56,0.2,0,0.4965853037914095,0.21837582286725898,0.8,0.1353352832366127
0.56,0.2,1,0.8187307530779818,0.21837582286725898,0.8,0.36787944117144233
0.56,0.25,0,0.4965853037914095,0.2673038827779081,0.75,0.1353352832366127
0.56,0.25,1,0.8187307530779818,0.2673038827779081,0.75,0.36787944117144233
0.56,0.30000000000000004,0,0.4965853037914095,0.31309544566621306,0.7,0.1353352832366127
0.56,0.30000000000000004,1,0.8187307530779818,0.31309544566621306,0.7,0.36787944117144233
0.56,0.35000000000000003,0,0.4965853037914095,0.35561536897870544,0.65,0.1353352832366127
0.56,0.35000000000000003,1,0.8187307530779818,0.35561536897870544,0.65,0.36787944117144233
0.56,0.4,0,0.4965853037914095,0.3948630865774932,0.6,0.1353352832366127
0.56,0.4,1,0.8187307530779818,0.3948630865774932,0.6,0.36787944117144233
0.56,0.45,0,0.4965853037914095,0.43093737889219275,0.55,0.1353352832366127
0.56,0.45,1,0.8187307530779818,0.43093737889219275,0.55,0.36787944117144233
0.56,0.5,0,0.4965853037914095,0.4640033300433097,0.5,0.1353352832366127
0.56,0.5,1,0.8187307530779818,0.4640033300433097,0.5,0.36787944117144233
0.56,0.55,0,0.4965853037914095,0.4942648418915018,0.44999999999999996,0.1353352832366127
0.56,0.55,1,0.8187307530779818,0.4942648418915018,0.44999999999999996,0.36787944117144233
0.56,0.6000000000000001,0,0.4965853037914095,0.521943711232022,0.4,0.1353352832366127
0.56,0.6000000000000001,1,0.8187307530779818,0.521943711232022,0.4,0.36787944117144233
0.56,0.65,0,0.4965853037914095,0.5472648492902132,0.35,0.1353352832366127
0.56,0.65,1,0.8187307530779818,0.5472648492902132,0.35,0.36787944117144233
0.56,0.7000000000000001,0,0.4965853037914095,0.5704465749545545,0.30000000000000004,0.1353352832366127
0.56,0.7000000000000001,1,0.8187307530779818,0.5704465749545545,0.30000000000000004,0.36787944117144233
0.56,0.75,0,0.4965853037914095,0.5916947671904009,0.25,0.1353352832366127
0.56,0.75,1,0.8187307530779818,0.5916947671904009,0.25,0.36787944117144233
0.56,0.8,0,0.4965853037914095,0.6111997755715705,0.19999999999999996,0.1353352832366127
0.56,0.8,1,0.8187307530779818,0.6111997755715705,0.19999999999999996,0.36787944117144233
0.56,0.8500000000000001,0,0.4965853037914095,0.6291351995952174,0.15000000000000002,0.1353352832366127
0.56,0.8500000000000001,1,0.8187307530779818,0.6291351995952174,0.15000000000000002,0.36787944117144233
0.56,0.9,0,0.4965853037914095,0.6456578688683811,0.09999999999999998,0.1353352832366127
0.56,0.9,1,0.8187307530779818,0.6456578688683811,0.09999999999999998,0.36787944117144233
0.56,0.9500000000000001,0,0.4965853037914095,0.6609085480124974,0.050000000000000044,0.1353352832366127
0.56,0.9500000000000001,1,0.8187307530779818,0.6609085480124974,0.050000000000000044,0.36787944117144233
0.56,1.0,0,0.4965853037914095,0.6750130407050337,0.0,0.1353352832366127
0.56,1.0,1,0.8187307530779818,0.6750130407050337,0.0,0.36787944117144233
0.5800000000000001,0.0,0,0.4965853037914095,0.0,1.0,0.1353352832366127
0.5800000000000001,0.0,1,0.8187307530779818,0.0,1.0,0.36787944117144233
0.5800000000000001,0.05,0,0.4965853037914095,0.054745666084989035,0.95,0.1353352832366127
0.5800000000000001,0.05,1,0.8187307530779818,0.054745666084989035,0.95,0.36787944117144233
0.5800000000000001,0.1,0,0.4965853037914095,0.1086934114645254,0.9,0.1353352832366127
0.5800000000000001,0.1,1,0.8187307530779818,0.1086934114645254,0.9,0.36787944117144233
0.5800000000000001,0.15000000000000002,0,0.4965853037914095,0.16111296407280626,0.85,0.1353352832366127
0.5800000000000001,0.15000000000000002,1,0.8187307530779818,0.16111296407280626,0.85,0.36787944117144233
0.5800000000000001,0.2,0,0.4965853037914095,0.21139562263965203,0.8,0.1353352832366127
0.5800000000000001,0.2,1,0.8187307530779818,0.21139562263965203,0.8,0.36787944117144233
0.5800000000000001,0.25,0,0.4965853037914095,0.25908564874172296,0.75,0.1353352832366127
0.5800000000000001,0.25,1,0.8187307530779818,0.25908564874172296,0.75,0.36787944117144233
0.5800000000000001,0.30000000000000004,0,0.4965853037914095,0.3038875086674431,0.7,0.1353352832366127
0.5800000000000001,0.30000000000000004,1,0.8187307530779818,0.3038875086674431,0.7,0.36787944117144233
0.5800000000000001,0.35000000000000003,0,0.4965853037914095,0.3456534314282793,0.65,0.1353352832366127
0.5800000000000001,0.35000000000000003,1,0.8187307530779818,0.3456534314282793,0.65,0.36787944117144233
0.5800000000000001,0.4,0,0.4965853037914095,0.3843587631945549,0.6,0.1353352832366127
0.5800000000000001,0.4,1,0.8187307530779818,0.3843587631945549,0.6,0.36787944117144233
0.5800000000000001,0.45,0,0.4965853037914095,0.42007255494116064,0.55,0.1353352832366127
0.5800000000000001,0.45,1,0.8187307530779818,0.42007255494116064,0.55,0.36787944117144233
0.5800000000000001,0.5,0,0.4965853037914095,0.452928946677124,0.5,0.1353352832366127
0.5800000000000001,0.5,1,0.8187307530779818,0.452928946677124,0.5,0.36787944117144233
0.5800000000000001,0.55,0,0.4965853037914095,0.48310255932062485,0.44999999999999996,0.1353352832366127
0.5800000000000001,0.55,1,0.8187307530779818,0.48310255932062485,0.44999999999999996,0.36787944117144233
0.5800000000000001,0.6000000000000001,0,0.4965853037914095,0.5107891325675463,0.4,0.1353352832366127
0.5800000000000001,0.6000000000000001,1,0.8187307530779818,0.5107891325675463,0.4,0.36787944117144233
0.5800000000000001,0.65,0,0.4965853037914095,0.5361913548962995,0.35,0.1353352832366127
0.5800000000000001,0.65,1,0.8187307530779818,0.5361913548962995,0.35,0.36787944117144233
0.5800000000000001,0.7000000000000001,0,0.4965853037914095,0.5595091671428354,0.30000000000000004,0.1353352832366127
0.5800000000000001,0.7000000000000001,1,0.8187307530779818,0.5595091671428354,0.30000000000000004,0.36787944117144233
0.5800000000000001,0.75,0,0.4965853037914095,0.5809335961601874,0.25,0.1353352832366127
0.5800000000000001,0.75,1,0.8187307530779818,0.5809335961601874,0.25,0.36787944117144233
0.5800000000000001,0.8,0,0.4965853037914095,0.6006432014290851,0.19999999999999996,0.1353352832366127
0.5800000000000001,0.8,1,0.8187307530779818,0.6006432014290851,0.19999999999999996,0.36787944117144233
0.5800000000000001,0.8500000000000001,0,0.4965853037914095,0.6188023572809337,0.15000000000000002,0.1353352832366127
0.5800000000000001,0.8500000000000001,1,0.8187307530779818,0.6188023572809337,0.15000000000000002,0.36787944117144233
0.5800000000000001,0.9,0,0.4965853037914095,0.6355607636375642,0.09999999999999998,0.1353352832366127
0.5800000000000001,0.9,1,0.8187307530779818,0.6355607636375642,0.09999999999999998,0.36787944117144233
0.5800000000000001,0.9500000000000001,0,0.4965853037914095,0.6510537370452775,0.050000000000000044,0.1353352832366127
0.5800000000000001,0.9500000000000001,1,0.8187307530779818,0.6510537370452775,0.050000000000000044,0.36787944117144233
0.5800000000000001,1.0,0,0.4965853037914095,0.6654029649890841,0.0,0.1353352832366127
0.5800000000000001,1.0,1,0.8187307530779818,0.6654029649890841,0.0,0.36787944117144233
0.6000000000000001,0.0,0,0.4965853037914095,0.0,1.0,0.1353352832366127
0.6000000000000001,0.0,1,0.8187307530779818,0.0,1.0,0.36787944117144233
0.6000000000000001,0.05,0,0.4965853037914095,0.05292935211917975,0.95,0.1353352832366127
0.6000000000000001,0.05,1,0.8187307530779818,0.05292935211917975,0.95,0.36787944117144233
0.6000000000000001,0.1,0,0.4965853037914095,0.10513691342250686,0.9,0.1353352832366127
0.6000000000000001,0.1,1,0.8187307530779818,0.10513691342250686,0.9,0.36787944117144233
0.6000000000000001,0.15000000000000002,0,0.4965853037914095,0.15595826075473862,0.85,0.1353352832366127
0.6000000000000001,0.15000000000000002,1,0.8187307530779818,0.15595826075473862,0.85,0.36787944117144233
0.6000000000000001,0.2,0,0.4965853037914095,0.20483276469913345,0.8,0.1353352832366127
0.6000000000000001,0.2,1,0.8187307530779818,0.20483276469913345,0.8,0.36787944117144233
0.6000000000000001,0.25,0,0.4965853037914095,0.25133183275600474,0.75,0.1353352832366127
0.6000000000000001,0.25,1,0.8187307530779818,0.25133183275600474,0.75,0.36787944117144233
0.6000000000000001,0.30000000000000004,0,0.4965853037914095,0.2951672353008665,0.7,0.1353352832366127
0.6000000000000001,0.30000000000000004,1,0.8187307530779818,0.2951672353008665,0.7,0.36787944117144233
0.6000000000000001,0.35000000000000003,0,0.4965853037914095,0.33618263515032515,0.65,0.1353352832366127
0.6000000000000001,0.35000000000000003,1,0.8187307530779818,0.33618263515032515,0.65,0.36787944117144233
0.6000000000000001,0.4,0,0.4965853037914095,0.3743340836219976,0.6,0.1353352832366127
0.6000000000000001,0.4,1,0.8187307530779818,0.3743340836219976,0.6,0.36787944117144233
0.6000000000000001,0.45,0,0.4965853037914095,0.4096655293982669,0.55,0.1353352832366127
0.6000000000000001,0.45,1,0.8187307530779818,0.4096655293982669,0.55,0.36787944117144233
0.6000000000000001,0.5,0,0.4965853037914095,0.442284123247391,0.5,0.1353352832366127
0.6000000000000001,0.5,1,0.8187307530779818,0.442284123247391,0.5,0.36787944117144233
0.6000000000000001,0.55,0,0.4965853037914095,0.4723383008666761,0.44999999999999996,0.1353352832366127
0.6000000000000001,0.55,1,0.8187307530779818,0.4723383008666761,0.44999999999999996,0.36787944117144233
0.6000000000000001,0.6000000000000001,0,0.4965853037914095,0.49999999999999994,0.4,0.1353352832366127
0.6000000000000001,0.6000000000000001,1,0.8187307530779818,0.49999999999999994,0.4,0.36787944117144233
0.6000000000000001,0.65,0,0.4965853037914095,0.5254512226959837,0.35,0.1353352832366127
0.6000000000000001,0.65,1,0.8187307530779818,0.5254512226959837,0.35,0.36787944117144233
0.6000000000000001,0.7000000000000001,0,0.4965853037914095,0.5488745039443949,0.30000000000000004,0.1353352832366127
0.6000000000000001,0.7000000000000001,1,0.8187307530779818,0.5488745039443949,0.30000000000000004,0.36787944117144233
0.6000000000000001,0.75,0,0.4965853037914095,0.5704465749545545,0.25,0.1353352832366127
0.6000000000000001,0.75,1,0.8187307530779818,0.5704465749545545,0.25,0.36787944117144233
0.6000000000000001,0.8,0,0.4965853037914095,0.590334470601733,0.19999999999999996,0.1353352832366127
0.6000000000000001,0.8,1,0.8187307530779818,0.590334470601733,0.19999999999999996,0.36787944117144233
0.6000000000000001,0.8500000000000001,0,0.4965853037914095,0.6086934114645254,0.15000000000000002,0.1353352832366127
0.6000000000000001,0.8500000000000001,1,0.8187307530779818,0.6086934114645254,0.15000000000000002,0.36787944117144233
0.6000000000000001,0.9,0,0.4965853037914095,0.6256659163780024,0.09999999999999998,0.1353352832366127
0.6000000000000001,0.9,1,0.8187307530779818,0.6256659163780024,0.09999999999999998,0.36787944117144233
0.6000000000000001,0.9500000000000001,0,0.4965853037914095,0.6413817298380262,0.050000000000000044,0.1353352832366127
0.6000000000000001,0.9500000000000001,1,0.8187307530779818,0.6413817298380262,0.050000000000000044,0.36787944117144233
0.6000000000000001,1.0,0,0.4965853037914095,0.6559582607547387,0.0,0.1353352832366127
0.6000000000000001,1.0,1,0.8187307530779818,0.6559582607547387,0.0,0.36787944117144233
0.62,0.0,0,0.4965853037914095,0.0,1.0,0.1353352832366127
0.62,0.0,1,0.8187307530779818,0.0,1.0,0.36787944117144233
0.62,0.05,0,0.4965853037914095,0.05122943687400679,0.95,0.1353352832366127
0.62,0.05,1,0.8187307530779818,0.05122943687400679,0.95,0.36787944117144233
0.62,0.1,0,0.4965853037914095,0.10180385606357457,0.9,0.1353352832366127
0.62,0.1,1,0.8187307530779818,0.10180385606357457,0.9,0.36787944117144233
0.62,0.15000000000000002,0,0.4965853037914095,0.15111713907398602,0.85,0.1353352832366127
0.62,0.15000000000000002,1,0.8187307530779818,0.15111713907398602,0.85,0.36787944117144233
0.62,0.2,0,0.4965853037914095,0.19865218439823715,0.8,0.1353352832366127
0.62,0.2,1,0.8187307530779818,0.19865218439823715,0.8,0.36787944117144233
0.62,0.25,0,0.4965853037914095,0.2440062668899608,0.75,0.1353352832366127
0.62,0.25,1,0.8187307530779818,0.2440062668899608,0.75,0.36787944117144233
0.62,0.30000000000000004,0,0.4965853037914095,0.2868999108243253,0.7,0.1353352832366127
0.62,0.30000000000000004,1,0.8187307530779818,0.2868999108243253,0.7,0.36787944117144233
0.62,0.35000000000000003,0,0.4965853037914095,0.3271714303325066,0.65,0.1353352832366127
0.62,0.35000000000000003,1,0.8187307530779818,0.3271714303325066,0.65,0.36787944117144233
0.62,0.4,0,0.4965853037914095,0.3647615754601392,0.6,0.1353352832366127
0.62,0.4,1,0.8187307530779818,0.3647615754601392,0.6,0.36787944117144233
0.62,0.45,0,0.4965853037914095,0.399693189436499,0.55,0.1353352832366127
0.62,0.45,1,0.8187307530779818,0.399693189436499,0.55,0.36787944117144233
0.62,0.5,0,0.4965853037914095,0.4320499603746067,0.5,0.1353352832366127
0.62,0.5,1,0.8187307530779818,0.4320499603746067,0.5,0.36787944117144233
0.62,0.55,0,0.4965853037914095,0.46195698616743697,0.44999999999999996,0.1353352832366127
0.62,0.55,1,0.8187307530779818,0.46195698616743697,0.44999999999999996,0.36787944117144233
0.62,0.6000000000000001,0,0.4965853037914095,0.48956454504738245,0.4,0.1353352832366127
0.62,0.6000000000000001,1,0.8187307530779818,0.48956454504738245,0.4,0.36787944117144233
0.62,0.65,0,0.4965853037914095,0.5150354661531077,0.35,0.1353352832366127
0.62,0.65,1,0.8187307530779818,0.5150354661531077,0.35,0.36787944117144233
0.62,0.7000000000000001,0,0.4965853037914095,0.538535880654635,0.30000000000000004,0.1353352832366127
0.62,0.7000000000000001,1,0.8187307530779818,0.538535880654635,0.30000000000000004,0.36787944117144233
0.62,0.75,0,0.4965853037914095,0.5602288364862485,0.25,0.1353352832366127
0.62,0.75,1,0.8187307530779818,0.5602288364862485,0.25,0.36787944117144233
0.62,0.8,0,0.4965853037914095,0.5802701743782815,0.19999999999999996,0.1353352832366127
0.62,0.8,1,0.8187307530779818,0.5802701743782815,0.19999999999999996,0.36787944117144233
0.62,0.8500000000000001,0,0.4965853037914095,0.5988060967583125,0.15000000000000002,0.1353352832366127
0.62,0.8500000000000001,1,0.8187307530779818,0.5988060967583125,0.15000000000000002,0.36787944117144233
0.62,0.9,0,0.4965853037914095,0.6159719483457576,0.09999999999999998,0.1353352832366127
0.62,0.9,1,0.8187307530779818,0.6159719483457576,0.09999999999999998,0.36787944117144233
0.62,0.9500000000000001,0,0.4965853037914095,0.6318918281287546,0.050000000000000044,0.1353352832366127
0.62,0.9500000000000001,1,0.8187307530779818,0.6318918281287546,0.050000000000000044,0.36787944117144233
0.62,1.0,0,0.4965853037914095,0.6466787463967287,0.0,0.1353352832366127
0.62,1.0,1,0.8187307530779818,0.6466787463967287,0.0,0.36787944117144233
0.64,0.0,0,0.4965853037914095,0.0,1.0,0.1353352832366127
0.64,0.0,1,0.8187307530779818,0.0,1.0,0.36787944117144233
0.64,0.05,0,0.4965853037914095,0.04963510068210303,0.95,0.1353352832366127
0.64,0.05,1,0.8187307530779818,0.04963510068210303,0.95,0.36787944117144233
0.64,0.1,0,0.4965853037914095,0.09867399056133606,0.9,0.1353352832366127
0.64,0.1,1,0.8187307530779818,0.09867399056133606,0.9,0.36787944117144233
0.64,0.15000000000000002,0,0.4965853037914095,0.14656234124674278,0.85,0.1353352832366127
0.64,0.15000000000000002,1,0.8187307530779818,0.14656234124674278,0.85,0.36787944117144233
0.64,0.2,0,0.4965853037914095,0.19282249595845916,0.8,0.1353352832366127
0.64,0.2,1,0.8187307530779818,0.19282249595845916,0.8,0.36787944117144233
0.64,0.25,0,0.4965853037914095,0.23707621435339615,0.75,0.1353352832366127
0.64,0.25,1,0.8187307530779818,0.23707621435339615,0.75,0.36787944117144233
0.64,0.30000000000000004,0,0.4965853037914095,0.2790537209571618,0.7,0.1353352832366127
0.64,0.30000000000000004,1,0.8187307530779818,0.2790537209571618,0.7,0.36787944117144233
0.64,0.35000000000000003,0,0.4965853037914095,0.3185905165492777,0.65,0.1353352832366127
0.64,0.35000000000000003,1,0.8187307530779818,0.3185905165492777,0.65,0.36787944117144233
0.64,0.4,0,0.4965853037914095,0.35561536897870555,0.6,0.1353352832366127
0.64,0.4,1,0.8187307530779818,0.35561536897870555,0.6,0.36787944117144233
0.64,0.45,0,0.4965853037914095,0.39013345760469115,0.55,0.1353352832366127
0.64,0.45,1,0.8187307530779818,0.39013345760469115,0.55,0.36787944117144233
0.64,0.5,0,0.4965853037914095,0.4222081382500518,0.5,0.1353352832366127
0.64,0.5,1,0.8187307530779818,0.4222081382500518,0.5,0.36787944117144233
0.64,0.55,0,0.4965853037914095,0.4519437729473505,0.44999999999999996,0.1353352832366127
0.64,0.55,1,0.8187307530779818,0.4519437729473505,0.44999999999999996,0.36787944117144233
0.64,0.6000000000000001,0,0.4965853037914095,0.4794709970445045,0.4,0.1353352832366127
0.64,0.6000000000000001,1,0.8187307530779818,0.4794709970445045,0.4,0.36787944117144233
0.64,0.65,0,0.4965853037914095,0.5049349381456881,0.35,0.1353352832366127
0.64,0.65,1,0.8187307530779818,0.5049349381456881,0.35,0.36787944117144233
0.64,0.7000000000000001,0,0.4965853037914095,0.5284863356829446,0.30000000000000004,0.1353352832366127
0.64,0.7000000000000001,1,0.8187307530779818,0.5284863356829446,0.30000000000000004,0.36787944117144233
0.64,0.75,0,0.4965853037914095,0.5502752052537132,0.25,0.1353352832366127
0.64,0.75,1,0.8187307530779818,0.5502752052537132,0.25,0.36787944117144233
0.64,0.8,0,0.4965853037914095,0.5704465749545545,0.19999999999999996,0.1353352832366127
0.64,0.8,1,0.8187307530779818,0.5704465749545545,0.19999999999999996,0.36787944117144233
0.64,0.8500000000000001,0,0.4965853037914095,0.5891378183036389,0.15000000000000002,0.1353352832366127
0.64,0.8500000000000001,1,0.8187307530779818,0.5891378183036389,0.15000000000000002,0.36787944117144233
0.64,0.9,0,0.4965853037914095,0.6064771635948064,0.09999999999999998,0.1353352832366127
0.64,0.9,1,0.8187307530779818,0.6064771635948064,0.09999999999999998,0.36787944117144233
0.64,0.9500000000000001,0,0.4965853037914095,0.6225830360099744,0.050000000000000044,0.1353352832366127
0.64,0.9500000000000001,1,0.8187307530779818,0.6225830360099744,0.050000000000000044,0.36787944117144233
0.64,1.0,0,0.4965853037914095,0.6375639658756352,0.0,0.1353352832366127
0.64,1.0,1,0.8187307530779818,0.6375639658756352,0.0,0.36787944117144233
0.66,0.0,0,0.4965853037914095,0.0,1.0,0.1353352832366127
0.66,0.0,1,0.8187307530779818,0.0,1.0,0.36787944117144233
0.66,0.05,0,0.4965853037914095,0.04813682203542794,0.95,0.1353352832366127
0.66,0.05,1,0.8187307530779818,0.04813682203542794,0.95,0.36787944117144233
0.66,0.1,0,0.4965853037914095,0.09572942426849014,0.9,0.1353352832366127
0.66,0.1,1,0.8187307530779818,0.09572942426849014,0.9,0.36787944117144233
0.66,0.15000000000000002,0,0.4965853037914095,0.14226962294763057,0.85,0.1353352832366127
0.66,0.15000000000000002,1,0.8187307530779818,0.14226962294763057,0.85,0.36787944117144233
0.66,0.2,0,0.4965853037914095,0.18731554186375868,0.8,0.1353352832366127
0.66,0.2,1,0.8187307530779818,0.18731554186375868,0.8,0.36787944117144233
0.66,0.25,0,0.4965853037914095,0.23051200306314903,0.75,0.1353352832366127
0.66,0.25,1,0.8187307530779818,0.23051200306314903,0.75,0.36787944117144233
0.66,0.30000000000000004,0,0.4965853037914095,0.27159949756018376,0.7,0.1353352832366127
0.66,0.30000000000000004,1,0.8187307530779818,0.27159949756018376,0.7,0.36787944117144233
0.66,0.35000000000000003,0,0.4965853037914095,0.31041269807265115,0.65,0.1353352832366127
0.66,0.35000000000000003,1,0.8187307530779818,0.31041269807265115,0.65,0.36787944117144233
0.66,0.4,0,0.4965853037914095,0.3468711418260708,0.6,0.1353352832366127
0.66,0.4,1,0.8187307530779818,0.3468711418260708,0.6,0.36787944117144233
0.66,0.45,0,0.4965853037914095,0.38096529974676624,0.55,0.1353352832366127
0.66,0.45,1,0.8187307530779818,0.38096529974676624,0.55,0.36787944117144233
0.66,0.5,0,0.4965853037914095,0.4127409633113531,0.5,0.1353352832366127
0.66,0.5,1,0.8187307530779818,0.4127409633113531,0.5,0.36787944117144233
0.66,0.55,0,0.4965853037914095,0.4422841232473911,0.44999999999999996,0.1353352832366127
0.66,0.55,1,0.8187307530779818,0.4422841232473911,0.44999999999999996,0.36787944117144233
0.66,0.6000000000000001,0,0.4965853037914095,0.4697076556232638,0.4,0.1353352832366127
0.66,0.6000000000000001,1,0.8187307530779818,0.4697076556232638,0.4,0.36787944117144233
0.66,0.65,0,0.4965853037914095,0.4951404014719919,0.35,0.1353352832366127
0.66,0.65,1,0.8187307530779818,0.4951404014719919,0.35,0.36787944117144233
0.66,0.7000000000000001,0,0.4965853037914095,0.5187187146432922,0.30000000000000004,0.1353352832366127
0.66,0.7000000000000001,1,0.8187307530779818,0.5187187146432922,0.30000000000000004,0.36787944117144233
0.66,0.75,0,0.4965853037914095,0.5405802531145149,0.25,0.1353352832366127
0.66,0.75,1,0.8187307530779818,0.5405802531145149,0.25,0.36787944117144233
0.66,0.8,0,0.4965853037914095,0.5608596525425431,0.19999999999999996,0.1353352832366127
0.66,0.8,1,0.8187307530779818,0.5608596525425431,0.19999999999999996,0.36787944117144233
0.66,0.8500000000000001,0,0.4965853037914095,0.5796856907265232,0.15000000000000002,0.1353352832366127
0.66,0.8500000000000001,1,0.8187307530779818,0.5796856907265232,0.15000000000000002,0.36787944117144233
0.66,0.9,0,0.4965853037914095,0.5971795806950578,0.09999999999999998,0.1353352832366127
0.66,0.9,1,0.8187307530779818,0.5971795806950578,0.09999999999999998,0.36787944117144233
0.66,0.9500000000000001,0,0.4965853037914095,0.6134540854564213,0.050000000000000044,0.1353352832366127
0.66,0.9500000000000001,1,0.8187307530779818,0.6134540854564213,0.050000000000000044,0.36787944117144233
0.66,1.0,0,0.4965853037914095,0.62861320908218,0.0,0.1353352832366127
0.66,1.0,1,0.8187307530779818,0.62861320908218,0.0,0.36787944117144233
0.68,0.0,0,0.4965853037914095,0.0,1.0,0.1353352832366127
0.68,0.0,1,0.8187307530779818,0.0,1.0,0.36787944117144233
0.68,0.05,0,0.4965853037914095,0.04672618890787319,0.95,0.1353352832366127
0.68,0.05,1,0.8187307530779818,0.04672618890787319,0.95,0.36787944117144233
0.68,0.1,0,0.4965853037914095,0.09295429026702878,0.9,0.1353352832366127
0.68,0.1,1,0.8187307530779818,0.09295429026702878,0.9,0.36787944117144233
0.68,0.15000000000000002,0,0.4965853037914095,0.13821735576496164,0.85,0.1353352832366127
0.68,0.15000000000000002,1,0.8187307530779818,0.13821735576496164,0.85,0.36787944117144233
0.68,0.2,0,0.4965853037914095,0.1821060037114976,0.8,0.1353352832366127
0.68,0.2,1,0.8187307530779818,0.1821060037114976,0.8,0.36787944117144233
0.68,0.25,0,0.4965853037914095,0.224286700105165,0.75,0.1353352832366127
0.68,0.25,1,0.8187307530779818,0.224286700105165,0.75,0.36787944117144233
0.68,0.30000000000000004,0,0.4965853037914095,0.26451048353841905,0.7,0.1353352832366127
0.68,0.30000000000000004,1,0.8187307530779818,0.26451048353841905,0.7,0.36787944117144233
0.68,0.35000000000000003,0,0.4965853037914095,0.30261274110336134,0.65,0.1353352832366127
0.68,0.35000000000000003,1,0.8187307530779818,0.30261274110336134,0.65,0.36787944117144233
0.68,0.4,0,0.4965853037914095,0.33850605466066536,0.6,0.1353352832366127
0.68,0.4,1,0.8187307530779818,0.33850605466066536,0.6,0.36787944117144233
0.68,0.45,0,0.4965853037914095,0.3721687185971243,0.55,0.1353352832366127
0.68,0.45,1,0.8187307530779818,0.3721687185971243,0.55,0.36787944117144233
0.68,0.5,0,0.4965853037914095,0.40363139946800264,0.5,0.1353352832366127
0.68,0.5,1,0.8187307530779818,0.40363139946800264,0.5,0.36787944117144233
0.68,0.55,0,0.4965853037914095,0.4329638554866589,0.44999999999999996,0.1353352832366127
0.68,0.55,1,0.8187307530779818,0.4329638554866589,0.44999999999999996,0.36787944117144233
0.68,0.6000000000000001,0,0.4965853037914095,0.4602629513889183,0.4,0.1353352832366127
0.68,0.6000000000000001,1,0.8187307530779818,0.4602629513889183,0.4,0.36787944117144233
0.68,0.65,0,0.4965853037914095,0.48564259015277855,0.35,0.1353352832366127
0.68,0.65,1,0.8187307530779818,0.48564259015277855,0.35,0.36787944117144233
0.68,0.7000000000000001,0,0.4965853037914095,0.509225727625089,0.30000000000000004,0.1353352832366127
0.68,0.7000000000000001,1,0.8187307530779818,0.509225727625089,0.30000000000000004,0.36787944117144233
0.68,0.75,0,0.4965853037914095,0.5311383502207421,0.25,0.1353352832366127
0.68,0.75,1,0.8187307530779818,0.5311383502207421,0.25,0.36787944117144233
0.68,0.8,0,0.4965853037914095,0.5515051491878072,0.19999999999999996,0.1353352832366127
0.68,0.8,1,0.8187307530779818,0.5515051491878072,0.19999999999999996,0.36787944117144233
0.68,0.8500000000000001,0,0.4965853037914095,0.5704465749545545,0.15000000000000002,0.1353352832366127
0.68,0.8500000000000001,1,0.8187307530779818,0.5704465749545545,0.15000000000000002,0.36787944117144233
0.68,0.9,0,0.4965853037914095,0.5880769631409956,0.09999999999999998,0.1353352832366127
0.68,0.9,1,0.8187307530779818,0.5880769631409956,0.09999999999999998,0.36787944117144233
0.68,0.9500000000000001,0,0.4965853037914095,0.6045034611217434,0.050000000000000044,0.1353352832366127
0.68,0.9500000000000001,1,0.8187307530779818,0.6045034611217434,0.050000000000000044,0.36787944117144233
0.68,1.0,0,0.4965853037914095,0.6198255318618067,0.0,0.1353352832366127
0.68,1.0,1,0.8187307530779818,0.6198255318618067,0.0,0.36787944117144233
0.7,0.0,0,0.4965853037914095,0.0,1.0,0.1353352832366127
0.7,0.0,1,0.8187307530779818,0.0,1.0,0.36787944117144233
0.7,0.05,0,0.4965853037914095,0.04539574199972086,0.95,0.1353352832366127
0.7,0.05,1,0.8187307530779818,0.04539574199972086,0.95,0.36787944117144233
0.7,0.1,0,0.4965853037914095,0.09033447060173311,0.9,0.1353352832366127
0.7,0.1,1,0.8187307530779818,0.09033447060173311,0.9,0.36787944117144233
0.7,0.15000000000000002,0,0.4965853037914095,0.13438618974457892,0.85,0.1353352832366127
0.7,0.15000000000000002,1,0.8187307530779818,0.13438618974457892,0.85,0.36787944117144233
0.7,0.2,0,0.4965853037914095,0.17717106556580953,0.8,0.1353352832366127
0.7,0.2,1,0.8187307530779818,0.17717106556580953,0.8,0.36787944117144233
0.7,0.25,0,0.4965853037914095,0.21837582286725898,0.75,0.1353352832366127
0.7,0.25,1,0.8187307530779818,0.21837582286725898,0.75,0.36787944117144233
0.7,0.30000000000000004,0,0.4965853037914095,0.25776211681831324,0.7,0.1353352832366127
0.7,0.30000000000000004,1,0.8187307530779818,0.25776211681831324,0.7,0.36787944117144233
0.7,0.35000000000000003,0,0.4965853037914095,0.2951672353008665,0.65,0.1353352832366127
0.7,0.35000000000000003,1,0.8187307530779818,0.2951672353008665,0.65,0.36787944117144233
0.7,0.4,0,0.4965853037914095,0.33049868107713587,0.6,0.1353352832366127
0.7,0.4,1,0.8187307530779818,0.33049868107713587,0.6,0.36787944117144233
0.7,0.45,0,0.4965853037914095,0.3637247363567511,0.55,0.1353352832366127
0.7,0.45,1,0.8187307530779818,0.3637247363567511,0.55,0.36787944117144233
0.7,0.5,0,0.4965853037914095,0.3948630865774932,0.5,0.1353352832366127
0.7,0.5,1,0.8187307530779818,0.3948630865774932,0.5,0.36787944117144233
0.7,0.55,0,0.4965853037914095,0.42396918430410074,0.44999999999999996,0.1353352832366127
0.7,0.55,1,0.8187307530779818,0.42396918430410074,0.44999999999999996,0.36787944117144233
0.7,0.6000000000000001,0,0.4965853037914095,0.4511254960556052,0.4,0.1353352832366127
0.7,0.6000000000000001,1,0.8187307530779818,0.4511254960556052,0.4,0.36787944117144233
0.7,0.65,0,0.4965853037914095,0.47643226225931723,0.35,0.1353352832366127
0.7,0.65,1,0.8187307530779818,0.47643226225931723,0.35,0.36787944117144233
0.7,0.7000000000000001,0,0.4965853037914095,0.5,0.30000000000000004,0.1353352832366127
0.7,0.7000000000000001,1,0.8187307530779818,0.5,0.30000000000000004,0.36787944117144233
0.7,0.75,0,0.4965853037914095,0.521943711232022,0.25,0.1353352832366127
0.7,0.75,1,0.8187307530779818,0.521943711232022,0.25,0.36787944117144233
0.7,0.8,0,0.4965853037914095,0.5423786092698929,0.19999999999999996,0.1353352832366127
0.7,0.8,1,0.8187307530779818,0.5423786092698929,0.19999999999999996,0.36787944117144233
0.7,0.8500000000000001,0,0.4965853037914095,0.5614171127961798,0.15000000000000002,0.1353352832366127
0.7,0.8500000000000001,1,0.8187307530779818,0.5614171127961798,0.15000000000000002,0.36787944117144233
0.7,0.9,0,0.4965853037914095,0.5791668483211311,0.09999999999999998,0.1353352832366127
0.7,0.9,1,0.8187307530779818,0.5791668483211311,0.09999999999999998,0.36787944117144233
0.7,0.9500000000000001,0,0.4965853037914095,0.5957294242684902,0.050000000000000044,0.1353352832366127
0.7,0.9500000000000001,1,0.8187307530779818,0.5957294242684902,0.050000000000000044,0.36787944117144233
0.7,1.0,0,0.4965853037914095,0.6111997755715705,0.0,0.1353352832366127
0.7,1.0,1,0.8187307530779818,0.6111997755715705,0.0,0.36787944117144233
0.72,0.0,0,0.4965853037914095,0.0,1.0,0.1353352832366127
0.72,0.0,1,0.8187307530779818,0.0,1.0,0.36787944117144233
0.72,0.05,0,0.4965853037914095,0.044138843786118445,0.95,0.1353352832366127
0.72,0.05,1,0.8187307530779818,0.044138843786118445,0.95,0.36787944117144233
0.72,0.1,0,0.4965853037914095,0.08785736336620509,0.9,0.1353352832366127
0.72,0.1,1,0.8187307530779818,0.08785736336620509,0.9,0.36787944117144233
0.72,0.15000000000000002,0,0.4965853037914095,0.1307587659113405,0.85,0.1353352832366127
0.72,0.15000000000000002,1,0.8187307530779818,0.1307587659113405,0.85,0.36787944117144233
0.72,0.2,0,0.4965853037914095,0.17249012218615842,0.8,0.1353352832366127
0.72,0.2,1,0.8187307530779818,0.17249012218615842,0.8,0.36787944117144233
0.72,0.25,0,0.4965853037914095,0.21275708286599557,0.75,0.1353352832366127
0.72,0.25,1,0.8187307530779818,0.21275708286599557,0.75,0.36787944117144233
0.72,0.30000000000000004,0,0.4965853037914095,0.2513318327560048,0.7,0.1353352832366127
0.72,0.30000000000000004,1,0.8187307530779818,0.2513318327560048,0.7,0.36787944117144233
0.72,0.35000000000000003,0,0.4965853037914095,0.2880544611950495,0.65,0.1353352832366127
0.72,0.35000000000000003,1,0.8187307530779818,0.2880544611950495,0.65,0.36787944117144233
0.72,0.4,0,0.4965853037914095,0.32282893443419053,0.6,0.1353352832366127
0.72,0.4,1,0.8187307530779818,0.32282893443419053,0.6,0.36787944117144233
0.72,0.45,0,0.4965853037914095,0.35561536897870555,0.55,0.1353352832366127
0.72,0.45,1,0.8187307530779818,0.35561536897870555,0.55,0.36787944117144233
0.72,0.5,0,0.4965853037914095,0.38642034851515417,0.5,0.1353352832366127
0.72,0.5,1,0.8187307530779818,0.38642034851515417,0.5,0.36787944117144233
0.72,0.55,0,0.4965853037914095,0.4152867499505352,0.44999999999999996,0.1353352832366127
0.72,0.55,1,0.8187307530779818,0.4152867499505352,0.44999999999999996,0.36787944117144233
0.72,0.6000000000000001,0,0.4965853037914095,0.4422841232473911,0.4,0.1353352832366127
0.72,0.6000000000000001,1,0.8187307530779818,0.4422841232473911,0.4,0.36787944117144233
0.72,0.65,0,0.4965853037914095,0.46750024500937376,0.35,0.1353352832366127
0.72,0.65,1,0.8187307530779818,0.46750024500937376,0.35,0.36787944117144233
0.72,0.7000000000000001,0,0.4965853037914095,0.49103411716552925,0.30000000000000004,0.1353352832366127
0.72,0.7000000000000001,1,0.8187307530779818,0.49103411716552925,0.30000000000000004,0.36787944117144233
0.72,0.75,0,0.4965853037914095,0.5129904369767492,0.25,0.1353352832366127
0.72,0.75,1,0.8187307530779818,0.5129904369767492,0.25,0.36787944117144233
0.72,0.8,0,0.4965853037914095,0.5334754167131482,0.19999999999999996,0.1353352832366127
0.72,0.8,1,0.8187307530779818,0.5334754167131482,0.19999999999999996,0.36787944117144233
0.72,0.8500000000000001,0,0.4965853037914095,0.5525937592286165,0.15000000000000002,0.1353352832366127
0.72,0.8500000000000001,1,0.8187307530779818,0.5525937592286165,0.15000000000000002,0.36787944117144233
0.72,0.9,0,0.4965853037914095,0.5704465749545545,0.09999999999999998,0.1353352832366127
0.72,0.9,1,0.8187307530779818,0.5704465749545545,0.09999999999999998,0.36787944117144233
0.72,0.9500000000000001,0,0.4965853037914095,0.5871300357233674,0.050000000000000044,0.1353352832366127
0.72,0.9500000000000001,1,0.8187307530779818,0.5871300357233674,0.050000000000000044,0.36787944117144233
0.72,1.0,0,0.4965853037914095,0.602734586061814,0.0,0.1353352832366127
0.72,1.0,1,0.8187307530779818,0.602734586061814,0.0,0.36787944117144233
0.74,0.0,0,0.4965853037914095,0.0,1.0,0.1353352832366127
0.74,0.0,1,0.8187307530779818,0.0,1.0,0.36787944117144233
0.74,0.05,0,0.4965853037914095,0.0429495685539083,0.95,0.1353352832366127
0.74,0.05,1,0.8187307530779818,0.0429495685539083,0.95,0.36787944117144233
0.74,0.1,0,0.4965853037914095,0.08551168580018412,0.9,0.1353352832366127
0.74,0.1,1,0.8187307530779818,0.08551168580018412,0.9,0.36787944117144233
0.74,0.15000000000000002,0,0.4965853037914095,0.12731947050974668,0.85,0.1353352832366127
0.74,0.15000000000000002,1,0.8187307530779818,0.12731947050974668,0.85,0.36787944117144233
0.74,0.2,0,0.4965853037914095,0.1680445256478952,0.8,0.1353352832366127
0.74,0.2,1,0.8187307530779818,0.1680445256478952,0.8,0.36787944117144233
0.74,0.25,0,0.4965853037914095,0.20741015860244685,0.75,0.1353352832366127
0.74,0.25,1,0.8187307530779818,0.20741015860244685,0.75,0.36787944117144233
0.74,0.30000000000000004,0,0.4965853037914095,0.24519888402678017,0.7,0.1353352832366127
0.74,0.30000000000000004,1,0.8187307530779818,0.24519888402678017,0.7,0.36787944117144233
0.74,0.35000000000000003,0,0.4965853037914095,0.2812542644652682,0.65,0.1353352832366127
0.74,0.35000000000000003,1,0.8187307530779818,0.2812542644652682,0.65,0.36787944117144233
0.74,0.4,0,0.4965853037914095,0.3154779935709222,0.6,0.1353352832366127
0.74,0.4,1,0.8187307530779818,0.3154779935709222,0.6,0.36787944117144233
0.74,0.45,0,0.4965853037914095,0.3478235943954553,0.55,0.1353352832366127
0.74,0.45,1,0.8187307530779818,0.3478235943954553,0.55,0.36787944117144233
0.74,0.5,0,0.4965853037914095,0.3782881928511296,0.5,0.1353352832366127
0.74,0.5,1,0.8187307530779818,0.3782881928511296,0.5,0.36787944117144233
0.74,0.55,0,0.4965853037914095,0.40690363881982705,0.44999999999999996,0.1353352832366127
0.74,0.55,1,0.8187307530779818,0.40690363881982705,0.44999999999999996,0.36787944117144233
0.74,0.6000000000000001,0,0.4965853037914095,0.43372792109718755,0.4,0.1353352832366127
0.74,0.6000000000000001,1,0.8187307530779818,0.43372792109718755,0.4,0.36787944117144233
0.74,0.65,0,0.4965853037914095,0.45883747286580984,0.35,0.1353352832366127
0.74,0.65,1,0.8187307530779818,0.45883747286580984,0.35,0.36787944117144233
0.74,0.7000000000000001,0,0.4965853037914095,0.4823206636533935,0.30000000000000004,0.1353352832366127
0.74,0.7000000000000001,1,0.8187307530779818,0.4823206636533935,0.30000000000000004,0.36787944117144233
0.74,0.75,0,0.4965853037914095,0.5042725517731612,0.25,0.1353352832366127
0.74,0.75,1,0.8187307530779818,0.5042725517731612,0.25,0.36787944117144233
0.74,0.8,0,0.4965853037914095,0.5247908289781251,0.19999999999999996,0.1353352832366127
0.74,0.8,1,0.8187307530779818,0.5247908289781251,0.19999999999999996,0.36787944117144233
0.74,0.8500000000000001,0,0.4965853037914095,0.5439728123791985,0.15000000000000002,0.1353352832366127
0.74,0.8500000000000001,1,0.8187307530779818,0.5439728123791985,0.15000000000000002,0.36787944117144233
0.74,0.9,0,0.4965853037914095,0.5619133089329311,0.09999999999999998,0.1353352832366127
0.74,0.9,1,0.8187307530779818,0.5619133089329311,0.09999999999999998,0.36787944117144233
0.74,0.9500000000000001,0,0.4965853037914095,0.5787031777750286,0.050000000000000044,0.1353352832366127
0.74,0.9500000000000001,1,0.8187307530779818,0.5787031777750286,0.050000000000000044,0.36787944117144233
0.74,1.0,0,0.4965853037914095,0.5944284319943742,0.0,0.1353352832366127
0.74,1.0,1,0.8187307530779818,0.5944284319943742,0.0,0.36787944117144233
0.76,0.0,0,0.4965853037914095,0.0,1.0,0.1353352832366127
0.76,0.0,1,0.8187307530779818,0.0,1.0,0.36787944117144233
0.76,0.05,0,0.4965853037914095,0.04182260961006353,0.95,0.1353352832366127
0.76,0.05,1,0.8187307530779818,0.04182260961006353,0.95,0.36787944117144233
0.76,0.1,0,0.4965853037914095,0.08328730710810954,0.9,0.1353352832366127
0.76,0.1,1,0.8187307530779818,0.08328730710810954,0.9,0.36787944117144233
0.76,0.15000000000000002,0,0.4965853037914095,0.12405422419498437,0.85,0.1353352832366127
0.76,0.15000000000000002,1,0.8187307530779818,0.12405422419498437,0.85,0.36787944117144233
0.76,0.2,0,0.4965853037914095,0.16381736484967485,0.8,0.1353352832366127
0.76,0.2,1,0.8187307530779818,0.16381736484967485,0.8,0.36787944117144233
0.76,0.25,0,0.4965853037914095,0.20231649411756478,0.75,0.1353352832366127
0.76,0.25,1,0.8187307530779818,0.20231649411756478,0.75,0.36787944117144233
0.76,0.30000000000000004,0,0.4965853037914095,0.23934417687264936,0.7,0.1353352832366127
0.76,0.30000000000000004,1,0.8187307530779818,0.23934417687264936,0.7,0.36787944117144233
0.76,0.35000000000000003,0,0.4965853037914095,0.2747479376298904,0.65,0.1353352832366127
0.76,0.35000000000000003,1,0.8187307530779818,0.2747479376298904,0.65,0.36787944117144233
0.76,0.4,0,0.4965853037914095,0.30842822890066696,0.6,0.1353352832366127
0.76,0.4,1,0.8187307530779818,0.30842822890066696,0.6,0.36787944117144233
0.76,0.45,0,0.4965853037914095,0.3403333164980077,0.55,0.1353352832366127
0.76,0.45,1,0.8187307530779818,0.3403333164980077,0.55,0.36787944117144233
0.76,0.5,0,0.4965853037914095,0.3704523038497445,0.5,0.1353352832366127
0.76,0.5,1,0.8187307530779818,0.3704523038497445,0.5,0.36787944117144233
0.76,0.55,0,0.4965853037914095,0.39880739653050656,0.44999999999999996,0.1353352832366127
0.76,0.55,1,0.8187307530779818,0.39880739653050656,0.44999999999999996,0.36787944117144233
0.76,0.6000000000000001,0,0.4965853037914095,0.42544625769158967,0.4,0.1353352832366127
0.76,0.6000000000000001,1,0.8187307530779818,0.42544625769158967,0.4,0.36787944117144233
0.76,0.65,0,0.4965853037914095,0.45043501934981606,0.35,0.1353352832366127
0.76,0.65,1,0.8187307530779818,0.45043501934981606,0.35,0.36787944117144233
0.76,0.7000000000000001,0,0.4965853037914095,0.473852257043241,0.30000000000000004,0.1353352832366127
0.76,0.7000000000000001,1,0.8187307530779818,0.473852257043241,0.30000000000000004,0.36787944117144233
0.76,0.75,0,0.4965853037914095,0.4957840366509002,0.25,0.1353352832366127
0.76,0.75,1,0.8187307530779818,0.4957840366509002,0.25,0.36787944117144233
0.76,0.8,0,0.4965853037914095,0.5163200079376202,0.19999999999999996,0.1353352832366127
0.76,0.8,1,0.8187307530779818,0.5163200079376202,0.19999999999999996,0.36787944117144233
0.76,0.8500000000000001,0,0.4965853037914095,0.535550441217362,0.15000000000000002,0.1353352832366127
0.76,0.8500000000000001,1,0.8187307530779818,0.535550441217362,0.15000000000000002,0.36787944117144233
0.76,0.9,0,0.4965853037914095,0.5535640675343628,0.09999999999999998,0.1353352832366127
0.76,0.9,1,0.8187307530779818,0.5535640675343628,0.09999999999999998,0.36787944117144233
0.76,0.9500000000000001,0,0.4965853037914095,0.5704465749545545,0.050000000000000044,0.1353352832366127
0.76,0.9500000000000001,1,0.8187307530779818,0.5704465749545545,0.050000000000000044,0.36787944117144233
0.76,1.0,0,0.4965853037914095,0.5862796224269482,0.0,0.1353352832366127
0.76,1.0,1,0.8187307530779818,0.5862796224269482,0.0,0.36787944117144233
0.78,0.0,0,0.4965853037914095,0.0,1.0,0.1353352832366127
0.78,0.0,1,0.8187307530779818,0.0,1.0,0.36787944117144233
0.78,0.05,0,0.4965853037914095,0.04075320061701588,0.95,0.1353352832366127
0.78,0.05,1,0.8187307530779818,0.04075320061701588,0.95,0.36787944117144233
0.78,0.1,0,0.4965853037914095,0.08117510592567585,0.9,0.1353352832366127
0.78,0.1,1,0.8187307530779818,0.08117510592567585,0.9,0.36787944117144233
0.78,0.15000000000000002,0,0.4965853037914095,0.12095030060731932,0.85,0.1353352832366127
0.78,0.15000000000000002,1,0.8187307530779818,0.12095030060731932,0.85,0.36787944117144233
0.78,0.2,0,0.4965853037914095,0.1597932732343401,0.8,0.1353352832366127
0.78,0.2,1,0.8187307530779818,0.1597932732343401,0.8,0.36787944117144233
0.78,0.25,0,0.4965853037914095,0.19745912025454174,0.75,0.1353352832366127
0.78,0.25,1,0.8187307530779818,0.19745912025454174,0.75,0.36787944117144233
0.78,0.30000000000000004,0,0.4965853037914095,0.23375012250468685,0.7,0.1353352832366127
0.78,0.30000000000000004,1,0.8187307530779818,0.23375012250468685,0.7,0.36787944117144233
0.78,0.35000000000000003,0,0.4965853037914095,0.2685181093665054,0.65,0.1353352832366127
0.78,0.35000000000000003,1,0.8187307530779818,0.2685181093665054,0.65,0.36787944117144233
0.78,0.4,0,0.4965853037914095,0.3016631299753686,0.6,0.1353352832366127
0.78,0.4,1,0.8187307530779818,0.3016631299753686,0.6,0.36787944117144233
0.78,0.45,0,0.4965853037914095,0.33312932632054815,0.55,0.1353352832366127
0.78,0.45,1,0.8187307530779818,0.33312932632054815,0.55,0.36787944117144233
0.78,0.5,0,0.4965853037914095,0.36289903024082004,0.5,0.1353352832366127
0.78,0.5,1,0.8187307530779818,0.36289903024082004,0.5,0.36787944117144233
0.78,0.55,0,0.4965853037914095,0.39098603480004396,0.44999999999999996,0.1353352832366127
0.78,0.55,1,0.8187307530779818,0.39098603480004396,0.44999999999999996,0.36787944117144233
0.78,0.6000000000000001,0,0.4965853037914095,0.4174288003203055,0.4,0.1353352832366127
0.78,0.6000000000000001,1,0.8187307530779818,0.4174288003203055,0.4,0.36787944117144233
0.78,0.65,0,0.4965853037914095,0.4422841232473911,0.35,0.1353352832366127
0.78,0.65,1,0.8187307530779818,0.4422841232473911,0.35,0.36787944117144233
0.78,0.7000000000000001,0,0.4965853037914095,0.4656215771231432,0.30000000000000004,0.1353352832366127
0.78,0.7000000000000001,1,0.8187307530779818,0.4656215771231432,0.30000000000000004,0.36787944117144233
0.78,0.75,0,0.4965853037914095,0.48751885873249523,0.25,0.1353352832366127
0.78,0.75,1,0.8187307530779818,0.48751885873249523,0.25,0.36787944117144233
0.78,0.8,0,0.4965853037914095,0.5080580477673251,0.19999999999999996,0.1353352832366127
0.78,0.8,1,0.8187307530779818,0.5080580477673251,0.19999999999999996,0.36787944117144233
0.78,0.8500000000000001,0,0.4965853037914095,0.5273227110011625,0.15000000000000002,0.1353352832366127
0.78,0.8500000000000001,1,0.8187307530779818,0.5273227110011625,0.15000000000000002,0.36787944117144233
0.78,0.9,0,0.4965853037914095,0.5453957419997209,0.09999999999999998,0.1353352832366127
0.78,0.9,1,0.8187307530779818,0.5453957419997209,0.09999999999999998,0.36787944117144233
0.78,0.9500000000000001,0,0.4965853037914095,0.5623578136591653,0.050000000000000044,0.1353352832366127
0.78,0.9500000000000001,1,0.8187307530779818,0.5623578136591653,0.050000000000000044,0.36787944117144233
0.78,1.0,0,0.4965853037914095,0.5782863236096388,0.0,0.1353352832366127
0.78,1.0,1,0.8187307530779818,0.5782863236096388,0.0,0.36787944117144233
0.8,0.0,0,0.4965853037914095,0.0,1.0,0.1353352832366127
0.8,0.0,1,0.8187307530779818,0.0,1.0,0.36787944117144233
0.8,0.05,0,0.4965853037914095,0.03973704861108168,0.95,0.1353352832366127
0.8,0.05,1,0.8187307530779818,0.03973704861108168,0.95,0.36787944117144233
0.8,0.1,0,0.4965853037914095,0.07916684832113109,0.9,0.1353352832366127
0.8,0.1,1,0.8187307530779818,0.07916684832113109,0.9,0.36787944117144233
0.8,0.15000000000000002,0,0.4965853037914095,0.11799616973505704,0.85,0.1353352832366127
0.8,0.15000000000000002,1,0.8187307530779818,0.11799616973505704,0.85,0.36787944117144233
0.8,0.2,0,0.4965853037914095,0.15595826075473865,0.8,0.1353352832366127
0.8,0.2,1,0.8187307530779818,0.15595826075473865,0.8,0.36787944117144233
0.8,0.25,0,0.4965853037914095,0.19282249595845916,0.75,0.1353352832366127
0.8,0.25,1,0.8187307530779818,0.19282249595845916,0.75,0.36787944117144233
0.8,0.30000000000000004,0,0.4965853037914095,0.22840050243981627,0.7,0.1353352832366127
0.8,0.30000000000000004,1,0.8187307530779818,0.22840050243981627,0.7,0.36787944117144233
0.8,0.35000000000000003,0,0.4965853037914095,0.2625486414517424,0.65,0.1353352832366127
0.8,0.35000000000000003,1,0.8187307530779818,0.2625486414517424,0.65,0.36787944117144233
0.8,0.4,0,0.4965853037914095,0.2951672353008665,0.6,0.1353352832366127
0.8,0.4,1,0.8187307530779818,0.2951672353008665,0.6,0.36787944117144233
0.8,0.45,0,0.4965853037914095,0.32619726158656975,0.55,0.1353352832366127
0.8,0.45,1,0.8187307530779818,0.32619726158656975,0.55,0.36787944117144233
0.8,0.5,0,0.4965853037914095,0.35561536897870555,0.5,0.1353352832366127
0.8,0.5,1,0.8187307530779818,0.35561536897870555,0.5,0.36787944117144233
0.8,0.55,0,0.4965853037914095,0.3834280331963156,0.44999999999999996,0.1353352832366127
0.8,0.55,1,0.8187307530779818,0.3834280331963156,0.44999999999999996,0.36787944117144233
0.8,0.6000000000000001,0,0.4965853037914095,0.4096655293982669,0.4,0.1353352832366127
0.8,0.6000000000000001,1,0.8187307530779818,0.4096655293982669,0.4,0.36787944117144233
0.8,0.65,0,0.4965853037914095,0.4343762098469945,0.35,0.1353352832366127
0.8,0.65,1,0.8187307530779818,0.4343762098469945,0.35,0.36787944117144233
0.8,0.7000000000000001,0,0.4965853037914095,0.45762139073010716,0.30000000000000004,0.1353352832366127
0.8,0.7000000000000001,1,0.8187307530779818,0.45762139073010716,0.30000000000000004,0.36787944117144233
0.8,0.75,0,0.4965853037914095,0.4794709970445045,0.25,0.1353352832366127
0.8,0.75,1,0.8187307530779818,0.4794709970445045,0.25,0.36787944117144233
0.8,0.8,0,0.4965853037914095,0.5,0.19999999999999996,0.1353352832366127
0.8,0.8,1,0.8187307530779818,0.5,0.19999999999999996,0.36787944117144233
0.8,0.8500000000000001,0,0.4965853037914095,0.5192856065436489,0.15000000000000002,0.1353352832366127
0.8,0.8500000000000001,1,0.8187307530779818,0.5192856065436489,0.15000000000000002,0.36787944117144233
0.8,0.9,0,0.4965853037914095,0.5374051184825535,0.09999999999999998,0.1353352832366127
0.8,0.9,1,0.8187307530779818,0.5374051184825535,0.09999999999999998,0.36787944117144233
0.8,0.9500000000000001,0,0.4965853037914095,0.5544343605976418,0.050000000000000044,0.1353352832366127
0.8,0.9500000000000001,1,0.8187307530779818,0.5544343605976418,0.050000000000000044,0.36787944117144233
0.8,1.0,0,0.4965853037914095,0.5704465749545545,0.0,0.1353352832366127
0.8,1.0,1,0.8187307530779818,0.5704465749545545,0.0,0.36787944117144233
